/*
Deployment script for InstantStore

This code was generated by a tool.
Changes to this file may cause incorrect behavior and will be lost if
the code is regenerated.
*/

GO
SET ANSI_NULLS, ANSI_PADDING, ANSI_WARNINGS, ARITHABORT, CONCAT_NULL_YIELDS_NULL, QUOTED_IDENTIFIER ON;

SET NUMERIC_ROUNDABORT OFF;


GO
:setvar DatabaseName "InstantStore"
:setvar DefaultFilePrefix "InstantStore"
:setvar DefaultDataPath "C:\Users\dzpotash\AppData\Local\Microsoft\Microsoft SQL Server Local DB\Instances\v11.0\"
:setvar DefaultLogPath "C:\Users\dzpotash\AppData\Local\Microsoft\Microsoft SQL Server Local DB\Instances\v11.0\"

GO
:on error exit
GO
/*
Detect SQLCMD mode and disable script execution if SQLCMD mode is not supported.
To re-enable the script after enabling SQLCMD mode, execute the following:
SET NOEXEC OFF; 
*/
:setvar __IsSqlCmdEnabled "True"
GO
IF N'$(__IsSqlCmdEnabled)' NOT LIKE N'True'
    BEGIN
        PRINT N'SQLCMD mode must be enabled to successfully execute this script.';
        SET NOEXEC ON;
    END


GO
USE [$(DatabaseName)];


GO
PRINT N'Creating [dbo].[Category]...';


GO
CREATE TABLE [dbo].[Category] (
    [VersionId]   UNIQUEIDENTIFIER NOT NULL,
    [Id]          UNIQUEIDENTIFIER NOT NULL,
    [Name]        NVARCHAR (250)   NOT NULL,
    [ShowInMenu]  BIT              NOT NULL,
    [Image]       IMAGE            NULL,
    [ListType]    INT              NOT NULL,
    [ShowPrices]  BIT              NOT NULL,
    [Description] NVARCHAR (MAX)   NULL,
    [Version]     INT              NOT NULL,
    PRIMARY KEY CLUSTERED ([VersionId] ASC)
);


GO
PRINT N'Creating [dbo].[ContentPage]...';


GO
CREATE TABLE [dbo].[ContentPage] (
    [Id]          UNIQUEIDENTIFIER NOT NULL,
    [Name]        NVARCHAR (250)   NOT NULL,
    [Text]        NVARCHAR (MAX)   NULL,
    [Attachment]  VARBINARY (MAX)  NULL,
    [ContentType] INT              NOT NULL,
    [ParentId]    UNIQUEIDENTIFIER NULL,
    [ProductId]   UNIQUEIDENTIFIER NULL,
    [CategoryId]  UNIQUEIDENTIFIER NULL,
    [Position]    INT              NOT NULL,
    PRIMARY KEY CLUSTERED ([Id] ASC)
);


GO
PRINT N'Creating [dbo].[Currency]...';


GO
CREATE TABLE [dbo].[Currency] (
    [Id]   UNIQUEIDENTIFIER NOT NULL,
    [Text] NVARCHAR (50)    NOT NULL,
    PRIMARY KEY CLUSTERED ([Id] ASC)
);


GO
PRINT N'Creating [dbo].[CustomProperty]...';


GO
CREATE TABLE [dbo].[CustomProperty] (
    [Id]         UNIQUEIDENTIFIER NOT NULL,
    [Name]       NVARCHAR (250)   NOT NULL,
    [Value]      NVARCHAR (MAX)   NULL,
    [TemplateId] UNIQUEIDENTIFIER NOT NULL,
    PRIMARY KEY CLUSTERED ([Id] ASC)
);


GO
PRINT N'Creating [dbo].[ExchangeRate]...';


GO
CREATE TABLE [dbo].[ExchangeRate] (
    [Id]                    UNIQUEIDENTIFIER NOT NULL,
    [FromCurrencyId]        UNIQUEIDENTIFIER NOT NULL,
    [ToCurrencyId]          UNIQUEIDENTIFIER NOT NULL,
    [ConversionRate]        FLOAT (53)       NULL,
    [ReverseConversionRate] FLOAT (53)       NULL,
    PRIMARY KEY CLUSTERED ([Id] ASC)
);


GO
PRINT N'Creating [dbo].[Feedback]...';


GO
CREATE TABLE [dbo].[Feedback] (
    [Id]      UNIQUEIDENTIFIER NOT NULL,
    [Name]    NVARCHAR (50)    NOT NULL,
    [Email]   NVARCHAR (50)    NOT NULL,
    [Message] NVARCHAR (MAX)   NOT NULL,
    PRIMARY KEY CLUSTERED ([Id] ASC)
);


GO
PRINT N'Creating [dbo].[Image]...';


GO
CREATE TABLE [dbo].[Image] (
    [Id]        UNIQUEIDENTIFIER NOT NULL,
    [Image]     IMAGE            NOT NULL,
    [ProductId] UNIQUEIDENTIFIER NULL,
    PRIMARY KEY CLUSTERED ([Id] ASC)
);


GO
PRINT N'Creating [dbo].[Product]...';


GO
CREATE TABLE [dbo].[Product] (
    [VersionId]                  UNIQUEIDENTIFIER NOT NULL,
    [Id]                         UNIQUEIDENTIFIER NOT NULL,
    [Name]                       NVARCHAR (250)   NOT NULL,
    [Description]                NVARCHAR (MAX)   NULL,
    [MainImage]                  IMAGE            NULL,
    [CashAccepted]               BIT              NOT NULL,
    [IsAvailable]                BIT              NOT NULL,
    [PriceCurrencyId]            UNIQUEIDENTIFIER NULL,
    [PriceValueCash]             NUMERIC (19, 4)  NULL,
    [PriceValueCashless]         NUMERIC (19, 4)  NULL,
    [CustomAttributesTemplateId] UNIQUEIDENTIFIER NULL,
    [Version]                    INT              NOT NULL,
    PRIMARY KEY CLUSTERED ([VersionId] ASC)
);


GO
PRINT N'Creating [dbo].[PropertyTemplate]...';


GO
CREATE TABLE [dbo].[PropertyTemplate] (
    [Id]          UNIQUEIDENTIFIER NOT NULL,
    [Name]        NVARCHAR (250)   NOT NULL,
    [IsPrototype] BIT              NOT NULL,
    PRIMARY KEY CLUSTERED ([Id] ASC)
);


GO
PRINT N'Creating [dbo].[Settings]...';


GO
CREATE TABLE [dbo].[Settings] (
    [MainDescription] NVARCHAR (MAX)   NULL,
    [HeaderHtml]      NVARCHAR (MAX)   NULL,
    [FooterHtml]      NVARCHAR (MAX)   NULL,
    [Id]              UNIQUEIDENTIFIER NOT NULL,
    CONSTRAINT [PK_Settings] PRIMARY KEY CLUSTERED ([Id] ASC)
);


GO
PRINT N'Creating [dbo].[Table]...';


GO
CREATE TABLE [dbo].[Table] (
    [Id]            UNIQUEIDENTIFIER NOT NULL,
    [ExceptionText] NVARCHAR (MAX)   NOT NULL,
    [DateTime]      DATETIME         NOT NULL,
    [UserId]        UNIQUEIDENTIFIER NULL,
    [SessionId]     NVARCHAR (MAX)   NULL,
    [RequestUrl]    NVARCHAR (MAX)   NOT NULL,
    [ClientIP]      NVARCHAR (50)    NULL,
    [UserAgent]     NVARCHAR (250)   NULL,
    PRIMARY KEY CLUSTERED ([Id] ASC)
);


GO
PRINT N'Creating FK_ContentPage_ToTableContentPage...';


GO
ALTER TABLE [dbo].[ContentPage] WITH NOCHECK
    ADD CONSTRAINT [FK_ContentPage_ToTableContentPage] FOREIGN KEY ([ParentId]) REFERENCES [dbo].[ContentPage] ([Id]);


GO
PRINT N'Creating FK_ContentPage_ToTableProduct...';


GO
ALTER TABLE [dbo].[ContentPage] WITH NOCHECK
    ADD CONSTRAINT [FK_ContentPage_ToTableProduct] FOREIGN KEY ([ProductId]) REFERENCES [dbo].[Product] ([VersionId]);


GO
PRINT N'Creating FK_ContentPage_ToTableCategory...';


GO
ALTER TABLE [dbo].[ContentPage] WITH NOCHECK
    ADD CONSTRAINT [FK_ContentPage_ToTableCategory] FOREIGN KEY ([CategoryId]) REFERENCES [dbo].[Category] ([VersionId]);


GO
PRINT N'Creating FK_CustomProperty_ToTablePropertyTemplateTable...';


GO
ALTER TABLE [dbo].[CustomProperty] WITH NOCHECK
    ADD CONSTRAINT [FK_CustomProperty_ToTablePropertyTemplateTable] FOREIGN KEY ([TemplateId]) REFERENCES [dbo].[PropertyTemplate] ([Id]);


GO
PRINT N'Creating FK_ExchangeRate_FromCurrency...';


GO
ALTER TABLE [dbo].[ExchangeRate] WITH NOCHECK
    ADD CONSTRAINT [FK_ExchangeRate_FromCurrency] FOREIGN KEY ([FromCurrencyId]) REFERENCES [dbo].[Currency] ([Id]);


GO
PRINT N'Creating FK_ExchangeRate_ToCurrency...';


GO
ALTER TABLE [dbo].[ExchangeRate] WITH NOCHECK
    ADD CONSTRAINT [FK_ExchangeRate_ToCurrency] FOREIGN KEY ([ToCurrencyId]) REFERENCES [dbo].[Currency] ([Id]);


GO
PRINT N'Creating FK_Product_ToTableCurrency...';


GO
ALTER TABLE [dbo].[Product] WITH NOCHECK
    ADD CONSTRAINT [FK_Product_ToTableCurrency] FOREIGN KEY ([PriceCurrencyId]) REFERENCES [dbo].[Currency] ([Id]);


GO
PRINT N'Creating FK_Product_ToTablePropertyTemplate...';


GO
ALTER TABLE [dbo].[Product] WITH NOCHECK
    ADD CONSTRAINT [FK_Product_ToTablePropertyTemplate] FOREIGN KEY ([CustomAttributesTemplateId]) REFERENCES [dbo].[PropertyTemplate] ([Id]);


GO
SET IDENTITY_INSERT [dbo].[ProductCategories] ON
INSERT INTO [dbo].[ProductCategories] ([ProductCategoryId], [Name], [ParentCategory], [DisplayType], [IsVisibleInMenu], [URLAlias], [SortOrder]) VALUES (1, N'Завальцовка', 3, 1, 1, N'Zavaltsovka', 1)
INSERT INTO [dbo].[ProductCategories] ([ProductCategoryId], [Name], [ParentCategory], [DisplayType], [IsVisibleInMenu], [URLAlias], [SortOrder]) VALUES (2, N'Шарики', 3, 1, 1, N'Shariki', 2)
INSERT INTO [dbo].[ProductCategories] ([ProductCategoryId], [Name], [ParentCategory], [DisplayType], [IsVisibleInMenu], [URLAlias], [SortOrder]) VALUES (3, N'Серьги для прокалывания мочки уха', NULL, 1, 1, N'EarPiercing', 1)
SET IDENTITY_INSERT [dbo].[ProductCategories] OFF

SET IDENTITY_INSERT [dbo].[ProductSize] ON
INSERT INTO [dbo].[ProductSize] ([Id], [Name], [SortOrder]) VALUES (1, N'Миди', 0)
INSERT INTO [dbo].[ProductSize] ([Id], [Name], [SortOrder]) VALUES (2, N'Мини', 1)
INSERT INTO [dbo].[ProductSize] ([Id], [Name], [SortOrder]) VALUES (3, N'Макси', 2)
SET IDENTITY_INSERT [dbo].[ProductSize] OFF

SET IDENTITY_INSERT [dbo].[Products] ON
INSERT INTO [dbo].[Products] ([ProductId], [Name], [Description], [PriceCash], [PriceCashless], [ProductSizeID]) VALUES (1, N'Шарик', N'Золотой шарик среднего размера', CAST(5.00 AS Decimal(16, 2)), CAST(15000.00 AS Decimal(16, 2)), 1)
INSERT INTO [dbo].[Products] ([ProductId], [Name], [Description], [PriceCash], [PriceCashless], [ProductSizeID]) VALUES (2, N'Звездочка', N'Золотая звездочка среднего размера', CAST(5.00 AS Decimal(16, 2)), CAST(15000.00 AS Decimal(16, 2)), 1)
INSERT INTO [dbo].[Products] ([ProductId], [Name], [Description], [PriceCash], [PriceCashless], [ProductSizeID]) VALUES (3, N'Звездочка', N'Золотая звездочка маленького размера', CAST(5.50 AS Decimal(16, 2)), CAST(17000.00 AS Decimal(16, 2)), 2)
INSERT INTO [dbo].[Products] ([ProductId], [Name], [Description], [PriceCash], [PriceCashless], [ProductSizeID]) VALUES (4, N'Сапфир', N'Сапфир в золотой завальцовке среднего размера', CAST(5.00 AS Decimal(16, 2)), CAST(15000.00 AS Decimal(16, 2)), 1)
INSERT INTO [dbo].[Products] ([ProductId], [Name], [Description], [PriceCash], [PriceCashless], [ProductSizeID]) VALUES (5, N'Хрусталь', N'Хрусталь в золотой завальцовке среднего размера', CAST(5.00 AS Decimal(16, 2)), CAST(15000.00 AS Decimal(16, 2)), 1)
INSERT INTO [dbo].[Products] ([ProductId], [Name], [Description], [PriceCash], [PriceCashless], [ProductSizeID]) VALUES (6, N'Хрусталь', N'Хрусталь в золотой завальцовке маленького размера', CAST(5.50 AS Decimal(16, 2)), CAST(17000.00 AS Decimal(16, 2)), 2)
SET IDENTITY_INSERT [dbo].[Products] OFF

INSERT INTO [dbo].[ProductsCategories] ([ProductId], [ProductCategoryID], [SortOrder]) VALUES (1, 2, 1)
INSERT INTO [dbo].[ProductsCategories] ([ProductId], [ProductCategoryID], [SortOrder]) VALUES (2, 2, 2)
INSERT INTO [dbo].[ProductsCategories] ([ProductId], [ProductCategoryID], [SortOrder]) VALUES (3, 2, 1)
INSERT INTO [dbo].[ProductsCategories] ([ProductId], [ProductCategoryID], [SortOrder]) VALUES (4, 1, 1)
INSERT INTO [dbo].[ProductsCategories] ([ProductId], [ProductCategoryID], [SortOrder]) VALUES (5, 1, 2)
INSERT INTO [dbo].[ProductsCategories] ([ProductId], [ProductCategoryID], [SortOrder]) VALUES (5, 1, 3)
GO

GO
PRINT N'Checking existing data against newly created constraints';


GO
USE [$(DatabaseName)];


GO
ALTER TABLE [dbo].[ContentPage] WITH CHECK CHECK CONSTRAINT [FK_ContentPage_ToTableContentPage];

ALTER TABLE [dbo].[ContentPage] WITH CHECK CHECK CONSTRAINT [FK_ContentPage_ToTableProduct];

ALTER TABLE [dbo].[ContentPage] WITH CHECK CHECK CONSTRAINT [FK_ContentPage_ToTableCategory];

ALTER TABLE [dbo].[CustomProperty] WITH CHECK CHECK CONSTRAINT [FK_CustomProperty_ToTablePropertyTemplateTable];

ALTER TABLE [dbo].[ExchangeRate] WITH CHECK CHECK CONSTRAINT [FK_ExchangeRate_FromCurrency];

ALTER TABLE [dbo].[ExchangeRate] WITH CHECK CHECK CONSTRAINT [FK_ExchangeRate_ToCurrency];

ALTER TABLE [dbo].[Product] WITH CHECK CHECK CONSTRAINT [FK_Product_ToTableCurrency];

ALTER TABLE [dbo].[Product] WITH CHECK CHECK CONSTRAINT [FK_Product_ToTablePropertyTemplate];


GO
PRINT N'Update complete.';


GO
